t_depart,t_arrive,from_node,to_node,vehicle,n_ships,Carried SC: Type_2,active_isru,consumables,crew,crew_interim,crew_return,equipment,maintenance_mass,packaged_isru,propellant_kerosene,propellant_oxygen,samples,total_flow
0,1,Earth Surface,Low Earth Orbit,Type_1,2.0,14684.0,0.0,1233.3600000000001,1200.0,0.0,0.0,4200.0,2277.1481818181815,1346.9818181818182,125414.51764374727,319527.48235625273,0.0,469883.49
1,4,Low Earth Orbit,Low Lunar Orbit,Type_1,2.0,14684.0,0.0,1233.3600000000001,1200.0,0.0,0.0,4200.0,2277.1481818181815,1346.9818181818182,125414.51764374727,319527.48235625273,0.0,469883.49
4,9,Low Lunar Orbit,Low Lunar Orbit,Type_1,1.0,0.0,0.0,411.12,0.0,0.0,0.0,0.0,394.28999999999985,0.0,6506.87567488152,16660.174698109407,0.0,23972.46037299093
4,5,Low Lunar Orbit,Lunar surface,Type_1,1.0,14684.0,0.0,513.9,1200.0,0.0,0.0,4200.0,1241.1181818181817,1346.9818181818182,14846.714733914077,36464.31447987059,0.0,74497.02921378467
5,8,Lunar surface,Lunar surface,Type_2,2.0,0.0,1346.9818181818182,411.1200000000001,0.0,1200.0,0.0,0.0,846.8281818181817,0.0,2605.5946543601713,5126.401033643024,0.0,11536.925688003195
8,9,Lunar surface,Low Lunar Orbit,Type_2,1.0,0.0,0.0,102.78,0.0,0.0,1200.0,0.0,73.42,0.0,2027.1893150356807,5189.575779430963,500.0,9092.965094466643
8,370,Lunar surface,Lunar surface,Type_2,1.0,0.0,1346.9818181818182,0.0,0.0,0.0,0.0,0.0,625.4610734744707,0.0,578.4053393244906,0.0,0.0,2550.8482309807796
9,12,Low Lunar Orbit,Low Earth Orbit,Type_2,1.0,0.0,0.0,411.12,0.0,0.0,1200.0,0.0,146.83999999999983,0.0,6506.87567488152,16657.50907015771,500.0,25422.34474503923
12,13,Low Earth Orbit,Earth Surface,Type_2,1.0,0.0,0.0,102.78,0.0,0.0,1200.0,0.0,73.42,0.0,0.0,0.0,500.0,1876.2
365,366,Earth Surface,Low Earth Orbit,Type_1,2.0,14684.0,0.0,1233.3600000000001,1200.0,0.0,0.0,4200.0,2444.7187671232878,0.0,128194.25962635298,283327.6016353271,0.0,435283.94002880336
366,377,Low Earth Orbit,Low Earth Orbit,Type_2,1.0,0.0,0.0,102.78000002527382,0.0,0.0,0.0,0.0,220.26000005229588,0.0,0.0,0.0,0.0,323.0400000775697
366,369,Low Earth Orbit,Low Lunar Orbit,Type_1,2.0,7342.0,0.0,1130.5799999747262,1200.0,0.0,0.0,4200.0,2224.458767070992,0.0,128194.25962635298,283327.6016353271,0.0,427618.9000287258
369,374,Low Lunar Orbit,Low Lunar Orbit,Type_1,1.0,0.0,0.0,308.3399999747262,0.0,0.0,0.0,0.0,1330.0387670709922,0.0,19119.43315856466,14696.026325727487,0.0,35453.83825133787
369,370,Low Lunar Orbit,Lunar surface,Type_1,1.0,0.0,0.0,513.9,1200.0,0.0,0.0,2011.42,252.67999999999995,0.0,6316.521522181106,16170.20514987694,0.0,26464.726672058045
369,370,Low Lunar Orbit,Lunar surface,Type_2,1.0,0.0,0.0,0.0,0.0,0.0,0.0,2188.58,73.42,0.0,7165.4503140836505,7738.845739024852,0.0,17166.2960531085
370,373,Lunar surface,Lunar surface,Type_2,2.0,0.0,1300.0,411.12,0.0,1200.0,0.0,0.0,423.68,0.0,4720.852221212227,7722.059707700912,0.0,15777.71192891314
373,374,Lunar surface,Low Lunar Orbit,Type_2,1.0,0.0,0.0,102.78,0.0,0.0,1200.0,0.0,73.42,0.0,2391.8827168976363,7781.54917002299,500.0,12049.631886920626
373,735,Lunar surface,Lunar surface,Type_2,1.0,0.0,1300.0,0.0,0.0,0.0,0.0,0.0,202.35150684931506,0.0,2328.9695043145907,0.0,0.0,3831.3210111639055
374,377,Low Lunar Orbit,Low Earth Orbit,Type_2,1.0,0.0,0.0,308.33999997473256,0.0,0.0,1200.0,0.0,73.41999994770413,0.0,6387.446896592984,16351.773098398056,500.0,24820.979994913476
374,734,Low Lunar Orbit,Low Lunar Orbit,Type_1,1.0,0.0,0.0,0.0,0.0,0.0,0.0,0.0,1009.168767123288,0.0,12731.986261971677,0.0,0.0,13741.155029094965
377,378,Low Earth Orbit,Earth Surface,Type_2,1.0,0.0,0.0,102.78,0.0,0.0,1200.0,0.0,73.42,0.0,0.0,0.0,500.0,1876.2
377,731,Low Earth Orbit,Low Earth Orbit,Type_2,1.0,0.0,0.0,0.0,0.0,0.0,0.0,0.0,73.42,0.0,1.3764587921433968e-06,0.0,0.0,73.4200013764588
730,731,Earth Surface,Low Earth Orbit,Type_1,1.0,7342.0,0.0,372.28999999999996,1200.0,0.0,0.0,4200.0,467.7099999999998,0.0,59466.9618870063,163004.0381129937,0.0,236053.0
730,731,Earth Surface,Low Earth Orbit,Type_2,1.0,0.0,0.0,861.0699999999999,0.0,0.0,0.0,0.0,0.0,0.0,0.0,20459.62392099091,0.0,21320.69392099091
731,734,Low Earth Orbit,Low Lunar Orbit,Type_1,1.0,0.0,0.0,25.695,100.0,0.0,0.0,0.0,247.45,0.0,39374.30234856023,132026.73973223916,0.0,171774.1870807994
731,734,Low Earth Orbit,Low Lunar Orbit,Type_2,3.0,0.0,0.0,1207.6650000000063,1100.0,0.0,0.0,4200.0,220.26,0.0,20092.659539296426,51436.92230227147,0.0,78257.5068415679
734,739,Low Lunar Orbit,Low Lunar Orbit,Type_1,1.0,0.0,0.0,411.12,0.0,0.0,0.0,0.0,394.2900000000002,0.0,6506.87567488152,15287.89529619184,0.0,22600.18097107336
734,735,Low Lunar Orbit,Lunar surface,Type_2,3.0,0.0,0.0,513.9,1200.0,0.0,0.0,4200.0,367.4287671232877,0.0,6225.1105870901565,15936.194457730619,0.0,28442.633811944062
735,738,Lunar surface,Lunar surface,Type_2,1.0,0.0,400.0,411.12,0.0,1200.0,0.0,0.0,147.1687671232877,0.0,2328.9695043145907,7327.482352954093,0.0,11814.740624391972
738,739,Lunar surface,Low Lunar Orbit,Type_2,1.0,0.0,0.0,102.78,0.0,0.0,1200.0,0.0,73.42,0.0,2328.9695043145907,7334.408168569835,500.0,11539.577672884425
739,742,Low Lunar Orbit,Low Earth Orbit,Type_2,1.0,0.0,0.0,411.12,0.0,0.0,1200.0,0.0,146.8400000000002,0.0,6506.87567488152,16657.50907015771,500.0,25422.34474503923
742,743,Low Earth Orbit,Earth Surface,Type_2,1.0,0.0,0.0,102.78,0.0,0.0,1200.0,0.0,73.42,0.0,0.0,0.0,500.0,1876.2
