Variable,Value
"Classic_commodity_outflow_0,0,1,Tstart365,Tend366,Commodityequipment",4200.0
"Classic_commodity_outflow_0,0,1,Tstart365,Tend366,Commoditypropellant_oxygen",288890.39869011124
"Classic_commodity_outflow_0,0,1,Tstart365,Tend366,Commoditypropellant_kerosene",108269.60130988876
"Classic_commodity_outflow_0,0,1,Tstart730,Tend731,Commodityconsumables",1233.3600000000001
"Classic_commodity_outflow_0,0,1,Tstart730,Tend731,Commodityequipment",1730.569999996393
"Classic_commodity_outflow_0,0,1,Tstart730,Tend731,Commoditypropellant_oxygen",198580.0
"Classic_commodity_outflow_0,0,1,Tstart730,Tend731,Commoditymaintenance_mass",1014.0700000036065
"Classic_commodity_outflow_0,1,2,Tstart1,Tend4,Commoditycrew",12.0
"Classic_commodity_outflow_0,1,2,Tstart1,Tend4,Commodityconsumables",1233.3600000000001
"Classic_commodity_outflow_0,1,2,Tstart1,Tend4,Commodityequipment",4200.0
"Classic_commodity_outflow_0,1,2,Tstart1,Tend4,Commoditypropellant_oxygen",319742.578227944
"Classic_commodity_outflow_0,1,2,Tstart1,Tend4,Commoditypackaged_isru",1224.7133839766393
"Classic_commodity_outflow_0,1,2,Tstart1,Tend4,Commoditypropellant_kerosene",125199.42177209289
"Classic_commodity_outflow_0,1,2,Tstart1,Tend4,Commoditymaintenance_mass",2399.4166160269647
"Classic_commodity_outflow_0,1,2,Tstart366,Tend369,Commoditycrew",12.0
"Classic_commodity_outflow_0,1,2,Tstart366,Tend369,Commodityconsumables",1130.5799999999988
"Classic_commodity_outflow_0,1,2,Tstart366,Tend369,Commodityequipment",4200.000000014417
"Classic_commodity_outflow_0,1,2,Tstart366,Tend369,Commoditypropellant_oxygen",271448.91486435995
"Classic_commodity_outflow_0,1,2,Tstart366,Tend369,Commoditypropellant_kerosene",125711.08513564005
"Classic_commodity_outflow_0,1,2,Tstart366,Tend369,Commoditymaintenance_mass",494.90000000000003
"Classic_commodity_outflow_0,1,2,Tstart731,Tend734,Commodityconsumables",925.0199999999966
"Classic_commodity_outflow_0,1,2,Tstart731,Tend734,Commodityequipment",1331.1799999891873
"Classic_commodity_outflow_0,1,2,Tstart731,Tend734,Commoditypropellant_oxygen",168802.9616139688
"Classic_commodity_outflow_0,1,2,Tstart731,Tend734,Commoditypropellant_kerosene",51601.29574565598
"Classic_commodity_outflow_0,1,2,Tstart731,Tend734,Commoditymaintenance_mass",867.2300000034518
"Classic_commodity_outflow_0,2,2,Tstart374,Tend734,Commoditypropellant_kerosene",14717.170403133914
"Classic_commodity_outflow_0,2,2,Tstart374,Tend734,Commoditymaintenance_mass",247.45000000000002
"Classic_commodity_outflow_0,2,2,Tstart4,Tend9,Commodityconsumables",411.12
"Classic_commodity_outflow_0,2,2,Tstart4,Tend9,Commoditypropellant_oxygen",17155.401259906896
"Classic_commodity_outflow_0,2,2,Tstart4,Tend9,Commoditypropellant_kerosene",6700.293674806874
"Classic_commodity_outflow_0,2,2,Tstart4,Tend9,Commoditymaintenance_mass",394.28999999999985
"Classic_commodity_outflow_0,2,2,Tstart369,Tend374,Commodityconsumables",308.3399999999988
"Classic_commodity_outflow_0,2,2,Tstart369,Tend374,Commoditypropellant_oxygen",15832.82015671547
"Classic_commodity_outflow_0,2,2,Tstart369,Tend374,Commoditypropellant_kerosene",21294.485258706023
"Classic_commodity_outflow_0,2,2,Tstart369,Tend374,Commoditymaintenance_mass",568.3200000072087
"Classic_commodity_outflow_0,2,3,Tstart4,Tend5,Commodityequipment",3730.55
"Classic_commodity_outflow_0,2,3,Tstart4,Tend5,Commoditypropellant_oxygen",24172.820983349797
"Classic_commodity_outflow_0,2,3,Tstart4,Tend5,Commoditypropellant_kerosene",7438.245479879842
"Classic_commodity_outflow_0,2,3,Tstart4,Tend5,Commoditymaintenance_mass",247.45000000000002
"Classic_commodity_outflow_0,2,3,Tstart369,Tend370,Commoditycrew",12.0
"Classic_commodity_outflow_0,2,3,Tstart369,Tend370,Commodityconsumables",513.9
"Classic_commodity_outflow_0,2,3,Tstart369,Tend370,Commodityequipment",2016.65
"Classic_commodity_outflow_0,2,3,Tstart369,Tend370,Commoditypropellant_oxygen",18520.885574605774
"Classic_commodity_outflow_0,2,3,Tstart369,Tend370,Commoditypropellant_kerosene",11439.652432315412
"Classic_commodity_outflow_0,2,3,Tstart369,Tend370,Commoditymaintenance_mass",247.45000000000002
"Classic_commodity_outflow_0,2,3,Tstart734,Tend735,Commoditycrew",12.0
"Classic_commodity_outflow_0,2,3,Tstart734,Tend735,Commodityconsumables",513.9
"Classic_commodity_outflow_0,2,3,Tstart734,Tend735,Commodityequipment",4199.999999996396
"Classic_commodity_outflow_0,2,3,Tstart734,Tend735,Commoditypropellant_oxygen",21557.711539429492
"Classic_commodity_outflow_0,2,3,Tstart734,Tend735,Commoditypropellant_kerosene",8421.02791187004
"Classic_commodity_outflow_0,2,3,Tstart734,Tend735,Commoditymaintenance_mass",326.10000000360435
"Classic_commodity_outflow_1,0,1,Tstart0,Tend1,Commoditycrew",12.0
"Classic_commodity_outflow_1,0,1,Tstart0,Tend1,Commodityconsumables",1233.3600000000001
"Classic_commodity_outflow_1,0,1,Tstart0,Tend1,Commodityequipment",4200.0
"Classic_commodity_outflow_1,0,1,Tstart0,Tend1,Commoditypropellant_oxygen",319742.5782279178
"Classic_commodity_outflow_1,0,1,Tstart0,Tend1,Commoditypackaged_isru",1224.7133839766393
"Classic_commodity_outflow_1,0,1,Tstart0,Tend1,Commoditypropellant_kerosene",125199.42177208222
"Classic_commodity_outflow_1,0,1,Tstart0,Tend1,Commoditymaintenance_mass",2399.416616027025
"Classic_commodity_outflow_1,0,1,Tstart365,Tend366,Commoditycrew",12.0
"Classic_commodity_outflow_1,0,1,Tstart365,Tend366,Commodityconsumables",1233.3600000000001
"Classic_commodity_outflow_1,0,1,Tstart365,Tend366,Commoditypropellant_kerosene",45659.233817275424
"Classic_commodity_outflow_1,0,1,Tstart365,Tend366,Commoditymaintenance_mass",1682.9999999927331
"Classic_commodity_outflow_1,0,1,Tstart730,Tend731,Commoditycrew",12.0
"Classic_commodity_outflow_1,0,1,Tstart730,Tend731,Commodityequipment",2469.429999992794
"Classic_commodity_outflow_1,0,1,Tstart730,Tend731,Commoditypropellant_oxygen",4542.711284666148
"Classic_commodity_outflow_1,0,1,Tstart730,Tend731,Commoditypropellant_kerosene",43239.28871533385
"Classic_commodity_outflow_1,1,0,Tstart12,Tend13,Commoditycrew_return",12.0
"Classic_commodity_outflow_1,1,0,Tstart12,Tend13,Commodityconsumables",102.78
"Classic_commodity_outflow_1,1,0,Tstart12,Tend13,Commoditysamples",500.0
"Classic_commodity_outflow_1,1,0,Tstart12,Tend13,Commoditymaintenance_mass",73.41999999999997
"Classic_commodity_outflow_1,1,0,Tstart377,Tend378,Commoditycrew_return",12.0
"Classic_commodity_outflow_1,1,0,Tstart377,Tend378,Commodityconsumables",102.78
"Classic_commodity_outflow_1,1,0,Tstart377,Tend378,Commoditysamples",500.0
"Classic_commodity_outflow_1,1,0,Tstart377,Tend378,Commoditymaintenance_mass",73.41999999999769
"Classic_commodity_outflow_1,1,0,Tstart742,Tend743,Commoditycrew_return",12.0
"Classic_commodity_outflow_1,1,0,Tstart742,Tend743,Commodityconsumables",102.78
"Classic_commodity_outflow_1,1,0,Tstart742,Tend743,Commoditysamples",500.0
"Classic_commodity_outflow_1,1,0,Tstart742,Tend743,Commoditymaintenance_mass",73.4199999999999
"Classic_commodity_outflow_1,1,1,Tstart377,Tend731,Commoditypropellant_kerosene",21768.233817275745
"Classic_commodity_outflow_1,1,1,Tstart377,Tend731,Commoditymaintenance_mass",73.42
"Classic_commodity_outflow_1,1,1,Tstart366,Tend377,Commodityconsumables",102.78000000000007
"Classic_commodity_outflow_1,1,1,Tstart366,Tend377,Commoditypropellant_kerosene",21768.2338172765
"Classic_commodity_outflow_1,1,1,Tstart366,Tend377,Commoditymaintenance_mass",220.26
"Classic_commodity_outflow_1,1,2,Tstart366,Tend369,Commoditypropellant_oxygen",17441.483825752366
"Classic_commodity_outflow_1,1,2,Tstart366,Tend369,Commoditypropellant_kerosene",6449.516174247634
"Classic_commodity_outflow_1,1,2,Tstart366,Tend369,Commoditymaintenance_mass",967.8399999927915
"Classic_commodity_outflow_1,1,2,Tstart731,Tend734,Commoditycrew",12.0
"Classic_commodity_outflow_1,1,2,Tstart731,Tend734,Commodityconsumables",308.34000000000003
"Classic_commodity_outflow_1,1,2,Tstart731,Tend734,Commodityequipment",2868.8199999999997
"Classic_commodity_outflow_1,1,2,Tstart731,Tend734,Commoditypropellant_oxygen",34319.74967069735
"Classic_commodity_outflow_1,1,2,Tstart731,Tend734,Commoditypropellant_kerosene",13406.226786954368
"Classic_commodity_outflow_1,1,2,Tstart731,Tend734,Commoditymaintenance_mass",146.84
"Classic_commodity_outflow_1,2,1,Tstart9,Tend12,Commoditycrew_return",12.0
"Classic_commodity_outflow_1,2,1,Tstart9,Tend12,Commodityconsumables",411.12
"Classic_commodity_outflow_1,2,1,Tstart9,Tend12,Commoditysamples",500.0
"Classic_commodity_outflow_1,2,1,Tstart9,Tend12,Commoditypropellant_oxygen",17152.65639570531
"Classic_commodity_outflow_1,2,1,Tstart9,Tend12,Commoditypropellant_kerosene",6700.293674806874
"Classic_commodity_outflow_1,2,1,Tstart9,Tend12,Commoditymaintenance_mass",146.83999999999978
"Classic_commodity_outflow_1,2,1,Tstart374,Tend377,Commoditycrew_return",12.0
"Classic_commodity_outflow_1,2,1,Tstart374,Tend377,Commodityconsumables",308.3399999999988
"Classic_commodity_outflow_1,2,1,Tstart374,Tend377,Commoditysamples",500.0
"Classic_commodity_outflow_1,2,1,Tstart374,Tend377,Commoditypropellant_oxygen",16837.832369675692
"Classic_commodity_outflow_1,2,1,Tstart374,Tend377,Commoditypropellant_kerosene",6577.314855572109
"Classic_commodity_outflow_1,2,1,Tstart374,Tend377,Commoditymaintenance_mass",73.42
"Classic_commodity_outflow_1,2,1,Tstart739,Tend742,Commoditycrew_return",12.0
"Classic_commodity_outflow_1,2,1,Tstart739,Tend742,Commodityconsumables",411.11999999999654
"Classic_commodity_outflow_1,2,1,Tstart739,Tend742,Commoditysamples",500.0
"Classic_commodity_outflow_1,2,1,Tstart739,Tend742,Commoditypropellant_oxygen",17152.656395705035
"Classic_commodity_outflow_1,2,1,Tstart739,Tend742,Commoditypropellant_kerosene",6700.293674806769
"Classic_commodity_outflow_1,2,1,Tstart739,Tend742,Commoditymaintenance_mass",146.8399999998474
"Classic_commodity_outflow_1,2,2,Tstart734,Tend739,Commodityconsumables",411.11999999999654
"Classic_commodity_outflow_1,2,2,Tstart734,Tend739,Commoditypropellant_oxygen",16175.250799859512
"Classic_commodity_outflow_1,2,2,Tstart734,Tend739,Commoditypropellant_kerosene",6700.293674806769
"Classic_commodity_outflow_1,2,2,Tstart734,Tend739,Commoditymaintenance_mass",220.25999999984742
"Classic_commodity_outflow_1,2,3,Tstart4,Tend5,Commoditycrew",12.0
"Classic_commodity_outflow_1,2,3,Tstart4,Tend5,Commodityconsumables",513.9000000000001
"Classic_commodity_outflow_1,2,3,Tstart4,Tend5,Commodityequipment",469.4499999963955
"Classic_commodity_outflow_1,2,3,Tstart4,Tend5,Commoditypropellant_oxygen",12102.06728445321
"Classic_commodity_outflow_1,2,3,Tstart4,Tend5,Commoditypackaged_isru",1224.7133839766393
"Classic_commodity_outflow_1,2,3,Tstart4,Tend5,Commoditypropellant_kerosene",7035.406131962759
"Classic_commodity_outflow_1,2,3,Tstart4,Tend5,Commoditymaintenance_mass",1115.936616026965
"Classic_commodity_outflow_1,2,3,Tstart369,Tend370,Commodityequipment",2183.3500000072086
"Classic_commodity_outflow_1,2,3,Tstart369,Tend370,Commoditypropellant_oxygen",5401.942798149631
"Classic_commodity_outflow_1,2,3,Tstart369,Tend370,Commoditypropellant_kerosene",2110.145643165389
"Classic_commodity_outflow_1,2,3,Tstart369,Tend370,Commoditymaintenance_mass",78.64999999279159
"Classic_commodity_outflow_1,3,2,Tstart8,Tend9,Commoditycrew_return",12.0
"Classic_commodity_outflow_1,3,2,Tstart8,Tend9,Commodityconsumables",102.77999999999999
"Classic_commodity_outflow_1,3,2,Tstart8,Tend9,Commoditysamples",499.99999999999983
"Classic_commodity_outflow_1,3,2,Tstart8,Tend9,Commoditypropellant_oxygen",5184.942638682104
"Classic_commodity_outflow_1,3,2,Tstart8,Tend9,Commoditypropellant_kerosene",2025.379484363514
"Classic_commodity_outflow_1,3,2,Tstart8,Tend9,Commoditymaintenance_mass",73.42
"Classic_commodity_outflow_1,3,2,Tstart373,Tend374,Commoditycrew_return",12.0
"Classic_commodity_outflow_1,3,2,Tstart373,Tend374,Commodityconsumables",102.78
"Classic_commodity_outflow_1,3,2,Tstart373,Tend374,Commoditysamples",500.0
"Classic_commodity_outflow_1,3,2,Tstart373,Tend374,Commoditypropellant_oxygen",6759.452119767973
"Classic_commodity_outflow_1,3,2,Tstart373,Tend374,Commoditypropellant_kerosene",2246.7880533769608
"Classic_commodity_outflow_1,3,2,Tstart373,Tend374,Commoditymaintenance_mass",73.42
"Classic_commodity_outflow_1,3,2,Tstart738,Tend739,Commoditycrew_return",12.0
"Classic_commodity_outflow_1,3,2,Tstart738,Tend739,Commodityconsumables",102.78
"Classic_commodity_outflow_1,3,2,Tstart738,Tend739,Commoditysamples",500.00000000000915
"Classic_commodity_outflow_1,3,2,Tstart738,Tend739,Commoditypropellant_oxygen",6716.396380565381
"Classic_commodity_outflow_1,3,2,Tstart738,Tend739,Commoditypropellant_kerosene",2240.733526732858
"Classic_commodity_outflow_1,3,2,Tstart738,Tend739,Commoditymaintenance_mass",73.42000000000148
"Classic_commodity_outflow_1,3,3,Tstart8,Tend370,Commodityactive_isru",1224.7133839766393
"Classic_commodity_outflow_1,3,3,Tstart8,Tend370,Commoditypropellant_kerosene",282.63031857280976
"Classic_commodity_outflow_1,3,3,Tstart8,Tend370,Commoditymaintenance_mass",747.8300022867103
"Classic_commodity_outflow_1,3,3,Tstart373,Tend735,Commodityactive_isru",1224.7133839766393
"Classic_commodity_outflow_1,3,3,Tstart373,Tend735,Commoditypropellant_kerosene",2240.7335267328367
"Classic_commodity_outflow_1,3,3,Tstart373,Tend735,Commoditymaintenance_mass",336.90866388183815
"Classic_commodity_outflow_1,3,3,Tstart5,Tend8,Commodityconsumables",411.1200000000001
"Classic_commodity_outflow_1,3,3,Tstart5,Tend8,Commoditypropellant_oxygen",5130.197512093351
"Classic_commodity_outflow_1,3,3,Tstart5,Tend8,Commoditycrew_interim",12.0
"Classic_commodity_outflow_1,3,3,Tstart5,Tend8,Commodityactive_isru",1224.7133839766393
"Classic_commodity_outflow_1,3,3,Tstart5,Tend8,Commoditypropellant_kerosene",2308.009802936324
"Classic_commodity_outflow_1,3,3,Tstart5,Tend8,Commoditymaintenance_mass",969.0966160269651
"Classic_commodity_outflow_1,3,3,Tstart370,Tend373,Commodityconsumables",411.12
"Classic_commodity_outflow_1,3,3,Tstart370,Tend373,Commoditypropellant_oxygen",6704.958955010084
"Classic_commodity_outflow_1,3,3,Tstart370,Tend373,Commoditycrew_interim",12.0
"Classic_commodity_outflow_1,3,3,Tstart370,Tend373,Commodityactive_isru",1224.7133839766393
"Classic_commodity_outflow_1,3,3,Tstart370,Tend373,Commoditypropellant_kerosene",4487.5215801097975
"Classic_commodity_outflow_1,3,3,Tstart370,Tend373,Commoditymaintenance_mass",558.1752776220927
"Classic_commodity_outflow_1,3,3,Tstart735,Tend738,Commodityconsumables",411.12
"Classic_commodity_outflow_1,3,3,Tstart735,Tend738,Commoditypropellant_oxygen",6704.958955010084
"Classic_commodity_outflow_1,3,3,Tstart735,Tend738,Commoditycrew_interim",12.0
"Classic_commodity_outflow_1,3,3,Tstart735,Tend738,Commodityactive_isru",503.62606077196995
"Classic_commodity_outflow_1,3,3,Tstart735,Tend738,Commoditypropellant_kerosene",2240.7335267328367
"Classic_commodity_outflow_1,3,3,Tstart735,Tend738,Commoditymaintenance_mass",147.25393922803332
"Classic_commodity_inflow_0,0,1,Tstart365,Tend366,Commodityequipment",4200.0
"Classic_commodity_inflow_0,0,1,Tstart365,Tend366,Commoditypropellant_oxygen",288890.39869011124
"Classic_commodity_inflow_0,0,1,Tstart365,Tend366,Commoditypropellant_kerosene",108269.60130988876
"Classic_commodity_inflow_0,0,1,Tstart730,Tend731,Commodityconsumables",1233.3600000000001
"Classic_commodity_inflow_0,0,1,Tstart730,Tend731,Commodityequipment",1730.569999996393
"Classic_commodity_inflow_0,0,1,Tstart730,Tend731,Commoditypropellant_oxygen",198580.0
"Classic_commodity_inflow_0,0,1,Tstart730,Tend731,Commoditymaintenance_mass",1014.0700000036065
"Classic_commodity_inflow_0,1,2,Tstart1,Tend4,Commoditycrew",12.0
"Classic_commodity_inflow_0,1,2,Tstart1,Tend4,Commodityconsumables",925.0200000000001
"Classic_commodity_inflow_0,1,2,Tstart1,Tend4,Commodityequipment",4200.0
"Classic_commodity_inflow_0,1,2,Tstart1,Tend4,Commoditypropellant_oxygen",53430.2895277099
"Classic_commodity_inflow_0,1,2,Tstart1,Tend4,Commoditypackaged_isru",1224.7133839766393
"Classic_commodity_inflow_0,1,2,Tstart1,Tend4,Commoditypropellant_kerosene",21173.945286649476
"Classic_commodity_inflow_0,1,2,Tstart1,Tend4,Commoditymaintenance_mass",1757.6766160268483
"Classic_commodity_inflow_0,1,2,Tstart366,Tend369,Commoditycrew",12.0
"Classic_commodity_inflow_0,1,2,Tstart366,Tend369,Commodityconsumables",822.2399999999988
"Classic_commodity_inflow_0,1,2,Tstart366,Tend369,Commodityequipment",4200.000000014417
"Classic_commodity_inflow_0,1,2,Tstart366,Tend369,Commoditypropellant_oxygen",38824.98319933115
"Classic_commodity_inflow_0,1,2,Tstart366,Tend369,Commoditypropellant_kerosene",34844.283334186825
"Classic_commodity_inflow_0,1,2,Tstart731,Tend734,Commodityconsumables",925.0199999999966
"Classic_commodity_inflow_0,1,2,Tstart731,Tend734,Commodityequipment",1331.1799999891873
"Classic_commodity_inflow_0,1,2,Tstart731,Tend734,Commoditypropellant_oxygen",37732.962339289006
"Classic_commodity_inflow_0,1,2,Tstart731,Tend734,Commoditypropellant_kerosene",404.1511835428937
"Classic_commodity_inflow_0,1,2,Tstart731,Tend734,Commoditymaintenance_mass",546.3600000034518
"Classic_commodity_inflow_0,2,2,Tstart374,Tend734,Commoditypropellant_kerosene",14717.170403133914
"Classic_commodity_inflow_0,2,2,Tstart4,Tend9,Commodityconsumables",411.12
"Classic_commodity_inflow_0,2,2,Tstart4,Tend9,Commoditypropellant_oxygen",17152.65639570531
"Classic_commodity_inflow_0,2,2,Tstart4,Tend9,Commoditypropellant_kerosene",6700.293674806874
"Classic_commodity_inflow_0,2,2,Tstart4,Tend9,Commoditymaintenance_mass",146.83999999999978
"Classic_commodity_inflow_0,2,2,Tstart369,Tend374,Commodityconsumables",308.3399999999988
"Classic_commodity_inflow_0,2,2,Tstart369,Tend374,Commoditypropellant_oxygen",15830.286905490395
"Classic_commodity_inflow_0,2,2,Tstart369,Tend374,Commoditypropellant_kerosene",21294.485258706023
"Classic_commodity_inflow_0,2,2,Tstart369,Tend374,Commoditymaintenance_mass",320.87000000720866
"Classic_commodity_inflow_0,2,3,Tstart4,Tend5,Commodityequipment",3730.55
"Classic_commodity_inflow_0,2,3,Tstart4,Tend5,Commoditypropellant_oxygen",5130.197512093351
"Classic_commodity_inflow_0,2,3,Tstart369,Tend370,Commoditycrew",12.0
"Classic_commodity_inflow_0,2,3,Tstart369,Tend370,Commodityconsumables",411.12
"Classic_commodity_inflow_0,2,3,Tstart369,Tend370,Commodityequipment",2016.65
"Classic_commodity_inflow_0,2,3,Tstart369,Tend370,Commoditypropellant_kerosene",4204.891261536988
"Classic_commodity_inflow_0,2,3,Tstart734,Tend735,Commoditycrew",12.0
"Classic_commodity_inflow_0,2,3,Tstart734,Tend735,Commodityconsumables",411.12
"Classic_commodity_inflow_0,2,3,Tstart734,Tend735,Commodityequipment",4199.999999996396
"Classic_commodity_inflow_0,2,3,Tstart734,Tend735,Commoditymaintenance_mass",5.230000003604346
"Classic_commodity_inflow_1,0,1,Tstart0,Tend1,Commoditycrew",12.0
"Classic_commodity_inflow_1,0,1,Tstart0,Tend1,Commodityconsumables",1233.3600000000001
"Classic_commodity_inflow_1,0,1,Tstart0,Tend1,Commodityequipment",4200.0
"Classic_commodity_inflow_1,0,1,Tstart0,Tend1,Commoditypropellant_oxygen",319742.5782279178
"Classic_commodity_inflow_1,0,1,Tstart0,Tend1,Commoditypackaged_isru",1224.7133839766393
"Classic_commodity_inflow_1,0,1,Tstart0,Tend1,Commoditypropellant_kerosene",125199.42177208222
"Classic_commodity_inflow_1,0,1,Tstart0,Tend1,Commoditymaintenance_mass",2399.416616027025
"Classic_commodity_inflow_1,0,1,Tstart365,Tend366,Commoditycrew",12.0
"Classic_commodity_inflow_1,0,1,Tstart365,Tend366,Commodityconsumables",1233.3600000000001
"Classic_commodity_inflow_1,0,1,Tstart365,Tend366,Commoditypropellant_kerosene",45659.233817275424
"Classic_commodity_inflow_1,0,1,Tstart365,Tend366,Commoditymaintenance_mass",1682.9999999927331
"Classic_commodity_inflow_1,0,1,Tstart730,Tend731,Commoditycrew",12.0
"Classic_commodity_inflow_1,0,1,Tstart730,Tend731,Commodityequipment",2469.429999992794
"Classic_commodity_inflow_1,0,1,Tstart730,Tend731,Commoditypropellant_oxygen",4542.711284666148
"Classic_commodity_inflow_1,0,1,Tstart730,Tend731,Commoditypropellant_kerosene",43239.28871533385
"Classic_commodity_inflow_1,1,0,Tstart12,Tend13,Commoditycrew_return",12.0
"Classic_commodity_inflow_1,1,0,Tstart12,Tend13,Commoditysamples",500.0
"Classic_commodity_inflow_1,1,0,Tstart377,Tend378,Commoditycrew_return",12.0
"Classic_commodity_inflow_1,1,0,Tstart377,Tend378,Commoditysamples",500.0
"Classic_commodity_inflow_1,1,0,Tstart742,Tend743,Commoditycrew_return",12.0
"Classic_commodity_inflow_1,1,0,Tstart742,Tend743,Commoditysamples",500.0
"Classic_commodity_inflow_1,1,1,Tstart377,Tend731,Commoditypropellant_kerosene",21768.233817275745
"Classic_commodity_inflow_1,1,1,Tstart366,Tend377,Commodityconsumables",102.78000000000007
"Classic_commodity_inflow_1,1,1,Tstart366,Tend377,Commoditypropellant_kerosene",21768.2338172765
"Classic_commodity_inflow_1,1,1,Tstart366,Tend377,Commoditymaintenance_mass",146.84
"Classic_commodity_inflow_1,1,2,Tstart366,Tend369,Commoditypropellant_oxygen",930.6653301397191
"Classic_commodity_inflow_1,1,2,Tstart366,Tend369,Commoditymaintenance_mass",894.4199999927915
"Classic_commodity_inflow_1,1,2,Tstart731,Tend734,Commoditycrew",12.0
"Classic_commodity_inflow_1,1,2,Tstart731,Tend734,Commodityequipment",2868.8199999999997
"Classic_commodity_inflow_1,2,1,Tstart9,Tend12,Commoditycrew_return",12.0
"Classic_commodity_inflow_1,2,1,Tstart9,Tend12,Commodityconsumables",102.78
"Classic_commodity_inflow_1,2,1,Tstart9,Tend12,Commoditysamples",500.0
"Classic_commodity_inflow_1,2,1,Tstart9,Tend12,Commoditymaintenance_mass",73.41999999999977
"Classic_commodity_inflow_1,2,1,Tstart374,Tend377,Commoditycrew_return",12.0
"Classic_commodity_inflow_1,2,1,Tstart374,Tend377,Commoditysamples",500.0
"Classic_commodity_inflow_1,2,1,Tstart739,Tend742,Commoditycrew_return",12.0
"Classic_commodity_inflow_1,2,1,Tstart739,Tend742,Commodityconsumables",102.77999999999649
"Classic_commodity_inflow_1,2,1,Tstart739,Tend742,Commoditysamples",500.0
"Classic_commodity_inflow_1,2,1,Tstart739,Tend742,Commoditymaintenance_mass",73.41999999984742
"Classic_commodity_inflow_1,2,2,Tstart734,Tend739,Commodityconsumables",411.11999999999654
"Classic_commodity_inflow_1,2,2,Tstart734,Tend739,Commoditypropellant_oxygen",16172.662759731533
"Classic_commodity_inflow_1,2,2,Tstart734,Tend739,Commoditypropellant_kerosene",6700.293674806769
"Classic_commodity_inflow_1,2,2,Tstart734,Tend739,Commoditymaintenance_mass",146.8399999998474
"Classic_commodity_inflow_1,2,3,Tstart4,Tend5,Commoditycrew",12.0
"Classic_commodity_inflow_1,2,3,Tstart4,Tend5,Commodityconsumables",411.1200000000001
"Classic_commodity_inflow_1,2,3,Tstart4,Tend5,Commodityequipment",469.4499999963955
"Classic_commodity_inflow_1,2,3,Tstart4,Tend5,Commoditypackaged_isru",1224.7133839766393
"Classic_commodity_inflow_1,2,3,Tstart4,Tend5,Commoditypropellant_kerosene",2308.009802936324
"Classic_commodity_inflow_1,2,3,Tstart4,Tend5,Commoditymaintenance_mass",969.0966160269651
"Classic_commodity_inflow_1,2,3,Tstart369,Tend370,Commodityequipment",2183.3500000072086
"Classic_commodity_inflow_1,2,3,Tstart369,Tend370,Commoditymaintenance_mass",5.229999992791591
"Classic_commodity_inflow_1,3,2,Tstart8,Tend9,Commoditycrew_return",12.0
"Classic_commodity_inflow_1,3,2,Tstart8,Tend9,Commoditysamples",499.99999999999983
"Classic_commodity_inflow_1,3,2,Tstart373,Tend374,Commoditycrew_return",12.0
"Classic_commodity_inflow_1,3,2,Tstart373,Tend374,Commoditysamples",500.0
"Classic_commodity_inflow_1,3,2,Tstart373,Tend374,Commoditypropellant_oxygen",1007.5454641852967
"Classic_commodity_inflow_1,3,2,Tstart738,Tend739,Commoditycrew_return",12.0
"Classic_commodity_inflow_1,3,2,Tstart738,Tend739,Commoditysamples",500.00000000000915
"Classic_commodity_inflow_1,3,2,Tstart738,Tend739,Commoditypropellant_oxygen",979.9936359734469
"Classic_commodity_inflow_1,3,3,Tstart8,Tend370,Commoditypropellant_oxygen",6704.958955010084
"Classic_commodity_inflow_1,3,3,Tstart8,Tend370,Commodityactive_isru",1224.7133839766393
"Classic_commodity_inflow_1,3,3,Tstart8,Tend370,Commoditypropellant_kerosene",282.63031857280976
"Classic_commodity_inflow_1,3,3,Tstart8,Tend370,Commoditymaintenance_mass",552.9452776293011
"Classic_commodity_inflow_1,3,3,Tstart373,Tend735,Commoditypropellant_oxygen",6704.958955010084
"Classic_commodity_inflow_1,3,3,Tstart373,Tend735,Commodityactive_isru",1224.7133839766393
"Classic_commodity_inflow_1,3,3,Tstart373,Tend735,Commoditypropellant_kerosene",2240.7335267328367
"Classic_commodity_inflow_1,3,3,Tstart373,Tend735,Commoditymaintenance_mass",142.02393922442897
"Classic_commodity_inflow_1,3,3,Tstart5,Tend8,Commodityconsumables",102.78000000000009
"Classic_commodity_inflow_1,3,3,Tstart5,Tend8,Commoditypropellant_oxygen",5184.942638682106
"Classic_commodity_inflow_1,3,3,Tstart5,Tend8,Commoditycrew_interim",12.0
"Classic_commodity_inflow_1,3,3,Tstart5,Tend8,Commodityactive_isru",1224.7133839766393
"Classic_commodity_inflow_1,3,3,Tstart5,Tend8,Commoditypropellant_kerosene",2308.009802936324
"Classic_commodity_inflow_1,3,3,Tstart5,Tend8,Commoditymaintenance_mass",821.2500022867102
"Classic_commodity_inflow_1,3,3,Tstart370,Tend373,Commodityconsumables",102.78
"Classic_commodity_inflow_1,3,3,Tstart370,Tend373,Commoditypropellant_oxygen",6759.452119767973
"Classic_commodity_inflow_1,3,3,Tstart370,Tend373,Commoditycrew_interim",12.0
"Classic_commodity_inflow_1,3,3,Tstart370,Tend373,Commodityactive_isru",1224.7133839766393
"Classic_commodity_inflow_1,3,3,Tstart370,Tend373,Commoditypropellant_kerosene",4487.5215801097975
"Classic_commodity_inflow_1,3,3,Tstart370,Tend373,Commoditymaintenance_mass",410.32866388183817
"Classic_commodity_inflow_1,3,3,Tstart735,Tend738,Commodityconsumables",102.78
"Classic_commodity_inflow_1,3,3,Tstart735,Tend738,Commoditypropellant_oxygen",6716.396380565381
"Classic_commodity_inflow_1,3,3,Tstart735,Tend738,Commoditycrew_interim",12.0
"Classic_commodity_inflow_1,3,3,Tstart735,Tend738,Commodityactive_isru",503.62606077196995
"Classic_commodity_inflow_1,3,3,Tstart735,Tend738,Commoditypropellant_kerosene",2240.7335267328367
"Classic_commodity_inflow_1,3,3,Tstart735,Tend738,Commoditymaintenance_mass",73.42000000000148
"sc_commodity_outflow_0,0,1,Tstart365,Tend366",2.0
"sc_commodity_outflow_0,0,1,Tstart730,Tend731",1.0
"sc_commodity_outflow_0,1,2,Tstart1,Tend4",2.0
"sc_commodity_outflow_0,1,2,Tstart366,Tend369",2.0
"sc_commodity_outflow_0,1,2,Tstart731,Tend734",1.0
"sc_commodity_outflow_0,2,2,Tstart374,Tend734",1.0
"sc_commodity_outflow_0,2,2,Tstart4,Tend9",1.0
"sc_commodity_outflow_0,2,2,Tstart369,Tend374",1.0
"sc_commodity_outflow_0,2,3,Tstart4,Tend5",1.0
"sc_commodity_outflow_0,2,3,Tstart369,Tend370",1.0
"sc_commodity_outflow_0,2,3,Tstart734,Tend735",1.0
"sc_commodity_outflow_1,0,1,Tstart0,Tend1",2.0
"sc_commodity_outflow_1,0,1,Tstart365,Tend366",2.0
"sc_commodity_outflow_1,0,1,Tstart730,Tend731",2.0
"sc_commodity_outflow_1,1,0,Tstart12,Tend13",1.0
"sc_commodity_outflow_1,1,0,Tstart377,Tend378",1.0
"sc_commodity_outflow_1,1,0,Tstart742,Tend743",1.0
"sc_commodity_outflow_1,1,1,Tstart377,Tend731",1.0
"sc_commodity_outflow_1,1,1,Tstart366,Tend377",1.0
"sc_commodity_outflow_1,1,2,Tstart366,Tend369",1.0
"sc_commodity_outflow_1,1,2,Tstart731,Tend734",2.0
"sc_commodity_outflow_1,2,1,Tstart9,Tend12",1.0
"sc_commodity_outflow_1,2,1,Tstart374,Tend377",1.0
"sc_commodity_outflow_1,2,1,Tstart739,Tend742",1.0
"sc_commodity_outflow_1,2,2,Tstart734,Tend739",1.0
"sc_commodity_outflow_1,2,3,Tstart4,Tend5",2.0
"sc_commodity_outflow_1,2,3,Tstart369,Tend370",1.0
"sc_commodity_outflow_1,3,2,Tstart8,Tend9",1.0
"sc_commodity_outflow_1,3,2,Tstart373,Tend374",1.0
"sc_commodity_outflow_1,3,2,Tstart738,Tend739",1.0
"sc_commodity_outflow_1,3,3,Tstart8,Tend370",1.0
"sc_commodity_outflow_1,3,3,Tstart373,Tend735",1.0
"sc_commodity_outflow_1,3,3,Tstart5,Tend8",2.0
"sc_commodity_outflow_1,3,3,Tstart370,Tend373",2.0
"sc_commodity_outflow_1,3,3,Tstart735,Tend738",1.0
"sc_commodity_inflow_0,0,1,Tstart365,Tend366",2.0
"sc_commodity_inflow_0,0,1,Tstart730,Tend731",1.0
"sc_commodity_inflow_0,1,2,Tstart1,Tend4",2.0
"sc_commodity_inflow_0,1,2,Tstart366,Tend369",2.0
"sc_commodity_inflow_0,1,2,Tstart731,Tend734",1.0
"sc_commodity_inflow_0,2,2,Tstart374,Tend734",1.0
"sc_commodity_inflow_0,2,2,Tstart4,Tend9",1.0
"sc_commodity_inflow_0,2,2,Tstart369,Tend374",1.0
"sc_commodity_inflow_0,2,3,Tstart4,Tend5",1.0
"sc_commodity_inflow_0,2,3,Tstart369,Tend370",1.0
"sc_commodity_inflow_0,2,3,Tstart734,Tend735",1.0
"sc_commodity_inflow_1,0,1,Tstart0,Tend1",2.0
"sc_commodity_inflow_1,0,1,Tstart365,Tend366",2.0
"sc_commodity_inflow_1,0,1,Tstart730,Tend731",2.0
"sc_commodity_inflow_1,1,0,Tstart12,Tend13",1.0
"sc_commodity_inflow_1,1,0,Tstart377,Tend378",1.0
"sc_commodity_inflow_1,1,0,Tstart742,Tend743",1.0
"sc_commodity_inflow_1,1,1,Tstart377,Tend731",1.0
"sc_commodity_inflow_1,1,1,Tstart366,Tend377",1.0
"sc_commodity_inflow_1,1,2,Tstart366,Tend369",1.0
"sc_commodity_inflow_1,1,2,Tstart731,Tend734",2.0
"sc_commodity_inflow_1,2,1,Tstart9,Tend12",1.0
"sc_commodity_inflow_1,2,1,Tstart374,Tend377",1.0
"sc_commodity_inflow_1,2,1,Tstart739,Tend742",1.0
"sc_commodity_inflow_1,2,2,Tstart734,Tend739",1.0
"sc_commodity_inflow_1,2,3,Tstart4,Tend5",2.0
"sc_commodity_inflow_1,2,3,Tstart369,Tend370",1.0
"sc_commodity_inflow_1,3,2,Tstart8,Tend9",1.0
"sc_commodity_inflow_1,3,2,Tstart373,Tend374",1.0
"sc_commodity_inflow_1,3,2,Tstart738,Tend739",1.0
"sc_commodity_inflow_1,3,3,Tstart8,Tend370",1.0
"sc_commodity_inflow_1,3,3,Tstart373,Tend735",1.0
"sc_commodity_inflow_1,3,3,Tstart5,Tend8",2.0
"sc_commodity_inflow_1,3,3,Tstart370,Tend373",2.0
"sc_commodity_inflow_1,3,3,Tstart735,Tend738",1.0
"SC_payload_commodity_outflow_0,1,2,Tstart1,Tend4,CommoditypayloadVarType_2",2.0000000000014584
"SC_payload_commodity_outflow_0,1,2,Tstart731,Tend734,CommoditypayloadVarType_2",1.0
"SC_payload_commodity_outflow_0,2,3,Tstart734,Tend735,CommoditypayloadVarType_2",1.0
"SC_payload_commodity_outflow_1,0,1,Tstart0,Tend1,CommoditypayloadVarType_1",2.0
"SC_payload_commodity_inflow_0,1,2,Tstart1,Tend4,CommoditypayloadVarType_2",2.0
"SC_payload_commodity_inflow_0,1,2,Tstart731,Tend734,CommoditypayloadVarType_2",1.0
"SC_payload_commodity_inflow_0,2,3,Tstart734,Tend735,CommoditypayloadVarType_2",1.0
"SC_payload_commodity_inflow_1,0,1,Tstart0,Tend1,CommoditypayloadVarType_1",2.0
isru_pwl_vehicle0_node3_time8_lambda_0,1.0
isru_arc_propellant_vehicle1_node3_time8,6760.524913200775
isru_pwl_vehicle1_node3_time8_lambda_12,0.752866160233607
isru_pwl_vehicle1_node3_time8_lambda_13,0.24713383976639305
isru_pwl_vehicle1_node3_time8_graybit_3,1.0
isru_pwl_vehicle1_node3_time8_graybit_5,1.0
isru_pwl_vehicle0_node3_time373_lambda_0,1.0
isru_arc_propellant_vehicle1_node3_time373,6760.524913200775
isru_pwl_vehicle1_node3_time373_lambda_12,0.752866160233607
isru_pwl_vehicle1_node3_time373_lambda_13,0.24713383976639305
isru_pwl_vehicle1_node3_time373_graybit_3,1.0
isru_pwl_vehicle1_node3_time373_graybit_5,1.0
isru_pwl_vehicle0_node3_time738_lambda_0,1.0
isru_pwl_vehicle1_node3_time738_lambda_0,1.0
isru_pwl_vehicle0_node3_time5_lambda_0,1.0
isru_arc_propellant_vehicle1_node3_time5,6760.524913200648
isru_pwl_vehicle1_node3_time5_lambda_12,0.752866160233687
isru_pwl_vehicle1_node3_time5_lambda_13,0.24713383976631298
isru_pwl_vehicle1_node3_time5_graybit_3,1.0
isru_pwl_vehicle1_node3_time5_graybit_5,1.0
isru_pwl_vehicle0_node3_time370_lambda_0,1.0
isru_arc_propellant_vehicle1_node3_time370,6760.524913200775
isru_pwl_vehicle1_node3_time370_lambda_12,0.752866160233607
isru_pwl_vehicle1_node3_time370_lambda_13,0.24713383976639305
isru_pwl_vehicle1_node3_time370_graybit_3,1.0
isru_pwl_vehicle1_node3_time370_graybit_5,1.0
isru_pwl_vehicle0_node3_time735_lambda_0,1.0
isru_arc_propellant_vehicle1_node3_time735,1522.0766435520763
isru_pwl_vehicle1_node3_time735_lambda_5,0.9637393922803006
isru_pwl_vehicle1_node3_time735_lambda_6,0.03626060771969947
isru_pwl_vehicle1_node3_time735_graybit_4,1.0
isru_pwl_vehicle1_node3_time735_graybit_5,1.0
isru_pwl_vehicle1_node3_time735_graybit_6,1.0
Objective,1328121.5138172756
